{"beta":0.3315424621105194,"trending":0.016625232994556427,"shortRatio":0.28133130073547363,"preMarketChange":0.02894636057317257,"c":0.19633989036083221}